image_number,time_stamp
0,1519279176.024769
1,1519279176.185675
2,1519279176.351593
3,1519279176.517344
4,1519279176.683537
5,1519279176.851744
6,1519279177.017814
7,1519279177.183436
8,1519279177.349628
9,1519279177.517997
10,1519279177.683419
11,1519279177.849561
12,1519279178.022474
13,1519279178.18152
14,1519279178.349505
15,1519279178.515913
16,1519279178.681381
17,1519279178.847438
18,1519279179.015809
19,1519279179.181988
20,1519279179.347545
21,1519279179.513565
22,1519279179.681638
23,1519279179.84749
24,1519279180.013869
25,1519279180.179495
26,1519279180.345782
27,1519279180.513362
28,1519279180.67964
29,1519279180.845253
30,1519279181.011525
31,1519279181.179589
32,1519279181.354102
33,1519279181.511492
34,1519279181.677676
35,1519279181.843416
36,1519279182.011529
37,1519279182.177443
38,1519279182.343839
39,1519279182.50949
40,1519279182.677664
41,1519279182.8435
42,1519279183.01016
43,1519279183.175478
44,1519279183.34371
45,1519279183.509661
46,1519279183.675501
47,1519279183.841615
48,1519279184.007415
49,1519279184.175473
50,1519279184.341713
51,1519279184.507473
52,1519279184.673451
53,1519279184.841512
54,1519279185.007475
55,1519279185.173879
56,1519279185.339423
57,1519279185.507539
58,1519279185.67328
59,1519279185.839559
60,1519279186.005672
61,1519279186.171663
62,1519279186.339415
63,1519279186.505617
64,1519279186.6717
65,1519279186.837552
66,1519279187.005377
67,1519279187.171626
68,1519279187.337735
69,1519279187.503639
70,1519279187.671448
71,1519279187.83777
72,1519279188.003514
73,1519279188.169522
74,1519279188.335452
75,1519279188.50354
76,1519279188.669452
77,1519279188.835502
78,1519279189.001371
79,1519279189.169439
80,1519279189.335603
81,1519279189.50206
82,1519279189.668134
83,1519279189.835683
84,1519279190.004356
85,1519279190.167606
86,1519279190.333529
87,1519279190.499587
88,1519279190.667408
89,1519279190.83365
90,1519279190.999587
91,1519279191.165837
92,1519279191.333311
93,1519279191.499572
94,1519279191.665873
95,1519279191.831592
96,1519279191.999479
97,1519279192.16552
98,1519279192.331398
99,1519279192.497581
100,1519279192.663542
101,1519279192.831698
102,1519279192.99751
103,1519279193.163583
104,1519279193.329586
105,1519279193.497551
106,1519279193.6635
107,1519279193.831225
108,1519279193.995649
109,1519279194.162918
110,1519279194.329703
111,1519279194.495446
112,1519279194.661465
113,1519279194.827551
114,1519279194.995402
115,1519279195.161475
116,1519279195.327527
117,1519279195.493951
118,1519279195.661271
119,1519279195.827725
120,1519279195.993317
121,1519279196.160183
122,1519279196.325546
123,1519279196.493965
124,1519279196.659439
125,1519279196.825903
126,1519279196.991537
127,1519279197.159389
128,1519279197.325555
129,1519279197.49154
130,1519279197.657434
131,1519279197.825623
132,1519279197.992583
133,1519279198.157915
134,1519279198.323344
135,1519279198.489793
136,1519279198.65757
137,1519279198.823487
138,1519279198.989315
139,1519279199.155507
140,1519279199.323407
141,1519279199.489461
142,1519279199.655435
143,1519279199.82191
144,1519279199.989457
145,1519279200.155823
146,1519279200.321878
147,1519279200.487403
148,1519279200.653685
149,1519279200.821687
150,1519279200.987453
151,1519279201.153605
152,1519279201.319557
153,1519279201.488445
154,1519279201.65345
155,1519279201.819675
156,1519279201.985793
157,1519279202.15354
158,1519279202.320973
159,1519279202.487273
160,1519279202.65156
161,1519279202.817649
162,1519279202.985821
163,1519279203.151558
164,1519279203.317444
165,1519279203.483582
166,1519279203.651506
167,1519279203.817555
168,1519279203.98354
169,1519279204.149746
170,1519279204.317797
171,1519279204.483638
172,1519279204.649342
173,1519279204.81558
174,1519279204.981584
175,1519279205.149577
176,1519279205.315584
177,1519279205.481301
178,1519279205.647613
179,1519279205.815614
180,1519279205.981513
181,1519279206.147419
182,1519279206.313653
183,1519279206.481454
184,1519279206.647616
185,1519279206.815668
186,1519279206.979956
187,1519279207.145437
188,1519279207.313586
189,1519279207.47947
190,1519279207.645475
191,1519279207.811509
192,1519279207.979571
193,1519279208.145316
194,1519279208.311696
195,1519279208.477764
196,1519279208.643447
197,1519279208.811511
198,1519279208.97758
199,1519279209.143311
200,1519279209.309602
201,1519279209.47765
202,1519279209.643608
203,1519279209.809331
204,1519279209.975674
205,1519279210.143573
206,1519279210.309523
207,1519279210.475495
208,1519279210.641787
209,1519279210.807572
210,1519279210.975548
211,1519279211.142565
212,1519279211.307481
213,1519279211.473458
214,1519279211.641615
215,1519279211.807406
216,1519279211.973358
217,1519279212.139453
218,1519279212.307461
219,1519279212.473679
220,1519279212.63963
221,1519279212.80537
222,1519279212.971603
223,1519279213.139464
224,1519279213.30568
225,1519279213.471461
226,1519279213.637516
227,1519279213.805354
228,1519279213.971507
229,1519279214.137477
230,1519279214.303714
231,1519279214.4714
232,1519279214.637381
233,1519279214.803433
234,1519279214.969702
235,1519279215.135402
236,1519279215.304599
237,1519279215.469313
238,1519279215.635554
239,1519279215.801465
240,1519279215.969558
241,1519279216.135315
242,1519279216.301459
243,1519279216.468395
244,1519279216.635417
245,1519279216.801279
246,1519279216.967535
247,1519279217.133784
248,1519279217.299537
249,1519279217.467663
250,1519279217.633682
251,1519279217.799352
252,1519279217.965633
253,1519279218.133498
254,1519279218.299632
255,1519279218.465364
256,1519279218.631545
257,1519279218.799685
258,1519279218.965463
259,1519279219.131318
260,1519279219.297706
261,1519279219.463549
262,1519279219.631445
263,1519279219.798387
264,1519279219.963475
265,1519279220.129303
266,1519279220.297627
267,1519279220.463382
268,1519279220.6296
269,1519279220.795473
270,1519279220.961847
271,1519279221.129371
272,1519279221.295545
273,1519279221.461806
274,1519279221.627522
275,1519279221.795448
276,1519279221.961866
277,1519279222.127436
278,1519279222.293381
279,1519279222.461372
280,1519279222.627555
281,1519279222.793368
282,1519279222.959608
283,1519279223.125293
284,1519279223.293501
285,1519279223.459586
286,1519279223.626163
287,1519279223.791329
288,1519279223.959519
289,1519279224.126249
290,1519279224.291547
291,1519279224.457471
292,1519279224.625608
293,1519279224.791313
294,1519279224.957431
295,1519279225.123344
296,1519279225.289469
297,1519279225.457346
298,1519279225.623452
299,1519279225.789576
300,1519279225.9554
301,1519279226.123343
302,1519279226.289627
303,1519279226.455532
304,1519279226.621512
305,1519279226.789479
306,1519279226.955446
307,1519279227.121434
308,1519279227.287696
309,1519279227.45353
310,1519279227.621517
311,1519279227.787359
312,1519279227.953616
313,1519279228.119428
314,1519279228.28745
315,1519279228.454709
316,1519279228.61943
317,1519279228.785485
318,1519279228.953568
319,1519279229.1194
320,1519279229.285362
321,1519279229.451678
322,1519279229.617476
323,1519279229.786041
324,1519279229.951679
325,1519279230.117516
326,1519279230.283535
327,1519279230.451417
328,1519279230.61762
329,1519279230.783495
330,1519279230.949544
331,1519279231.117479
332,1519279231.283898
333,1519279231.449346
334,1519279231.615696
335,1519279231.781318
336,1519279231.949576
337,1519279232.115532
338,1519279232.2817
339,1519279232.447466
340,1519279232.615486
341,1519279232.781557
342,1519279232.947841
343,1519279233.113451
344,1519279233.279607
345,1519279233.447458
346,1519279233.613579
347,1519279233.779482
348,1519279233.945658
349,1519279234.113491
350,1519279234.28085
351,1519279234.445376
352,1519279234.611613
353,1519279234.779406
354,1519279234.94566
355,1519279235.11157
356,1519279235.277434
357,1519279235.443519
358,1519279235.611952
359,1519279235.777608
360,1519279235.943365
361,1519279236.109647
362,1519279236.277372
363,1519279236.443552
364,1519279236.609531
365,1519279236.775475
366,1519279236.943433
367,1519279237.110395
368,1519279237.276157
369,1519279237.441587
370,1519279237.607426
371,1519279237.775682
372,1519279237.941342
373,1519279238.107642
374,1519279238.273803
375,1519279238.441448
376,1519279238.607384
377,1519279238.7736
378,1519279238.939594
379,1519279239.107578
380,1519279239.273863
381,1519279239.43988
382,1519279239.605469
383,1519279239.77157
384,1519279239.939739
385,1519279240.105577
386,1519279240.272175
387,1519279240.43752
388,1519279240.605574
389,1519279240.771462
390,1519279240.937478
391,1519279241.105143
392,1519279241.271442
393,1519279241.438424
394,1519279241.604576
395,1519279241.769447
396,1519279241.935497
397,1519279242.104354
398,1519279242.269438
399,1519279242.435895
400,1519279242.601608
401,1519279242.769519
402,1519279242.935469
403,1519279243.101555
404,1519279243.267467
405,1519279243.435573
406,1519279243.601796
407,1519279243.768022
408,1519279243.933542
409,1519279244.099478
410,1519279244.267522
411,1519279244.433278
412,1519279244.599655
413,1519279244.765472
414,1519279244.933578
415,1519279245.099485
416,1519279245.265631
417,1519279245.431595
418,1519279245.600211
419,1519279245.767379
420,1519279245.931814
421,1519279246.097582
422,1519279246.263557
423,1519279246.431622
424,1519279246.59751
425,1519279246.763439
426,1519279246.929653
427,1519279247.097497
428,1519279247.263548
429,1519279247.42947
430,1519279247.595584
431,1519279247.761359
432,1519279247.929699
433,1519279248.096142
434,1519279248.261505
435,1519279248.427456
436,1519279248.595445
437,1519279248.761354
438,1519279248.927499
439,1519279249.09351
440,1519279249.261595
441,1519279249.42754
442,1519279249.593727
443,1519279249.759409
444,1519279249.92561
445,1519279250.093668
446,1519279250.260324
447,1519279250.425361
448,1519279250.591643
449,1519279250.759657
450,1519279250.925695
451,1519279251.091685
452,1519279251.257649
453,1519279251.425437
454,1519279251.591526
455,1519279251.7575
456,1519279251.923926
457,1519279252.089348
458,1519279252.257556
459,1519279252.424133
460,1519279252.589502
461,1519279252.75559
462,1519279252.923772
463,1519279253.089515
464,1519279253.255485
465,1519279253.421521
466,1519279253.589358
467,1519279253.755693
468,1519279253.921514
469,1519279254.087752
470,1519279254.253427
471,1519279254.421627
472,1519279254.587447
473,1519279254.7536
474,1519279254.919344
475,1519279255.088316
476,1519279255.253579
477,1519279255.419586
478,1519279255.585515
479,1519279255.753485
480,1519279255.919467
481,1519279256.085711
482,1519279256.25157
483,1519279256.417561
484,1519279256.585488
485,1519279256.751775
486,1519279256.917467
487,1519279257.083566
488,1519279257.251855
489,1519279257.417454
490,1519279257.583441
491,1519279257.749783
492,1519279257.917332
493,1519279258.083503
494,1519279258.249614
495,1519279258.41611
496,1519279258.581785
497,1519279258.749612
498,1519279258.916102
499,1519279259.08163
500,1519279259.247443
501,1519279259.416583
502,1519279259.581358
503,1519279259.74766
504,1519279259.913595
505,1519279260.081539
506,1519279260.247365
507,1519279260.413508
508,1519279260.579626
509,1519279260.745543
510,1519279260.913537
511,1519279261.079667
512,1519279261.245471
513,1519279261.411584
514,1519279261.579569
515,1519279261.745559
516,1519279261.911487
517,1519279262.077523
518,1519279262.243696
519,1519279262.411471
520,1519279262.577483
521,1519279262.744062
522,1519279262.909572
523,1519279263.077606
524,1519279263.243589
525,1519279263.409492
526,1519279263.575508
527,1519279263.744166
528,1519279263.909362
529,1519279264.07554
530,1519279264.241558
531,1519279264.408234
532,1519279264.575511
533,1519279264.741601
534,1519279264.907465
535,1519279265.073577
536,1519279265.241467
537,1519279265.407711
538,1519279265.57364
539,1519279265.739633
540,1519279265.907614
541,1519279266.073585
542,1519279266.239447
543,1519279266.405536
544,1519279266.571491
545,1519279266.73958
546,1519279266.905616
547,1519279267.072088
548,1519279267.237522
549,1519279267.405613
550,1519279267.57155
551,1519279267.737549
552,1519279267.904295
553,1519279268.071852
554,1519279268.237671
555,1519279268.403636
556,1519279268.569471
557,1519279268.736072
558,1519279268.90338
559,1519279269.069663
560,1519279269.23551
561,1519279269.401534
562,1519279269.56955
563,1519279269.735692
564,1519279269.901435
565,1519279270.067511
566,1519279270.235715
567,1519279270.401604
568,1519279270.567563
569,1519279270.733657
570,1519279270.89958
571,1519279271.067948
572,1519279271.233522
573,1519279271.399649
574,1519279271.565328
575,1519279271.733515
576,1519279271.899677
577,1519279272.065641
578,1519279272.231718
579,1519279272.399757
580,1519279272.566081
581,1519279272.731721
582,1519279272.897604
583,1519279273.063641
584,1519279273.231665
585,1519279273.397662
586,1519279273.563686
587,1519279273.729795
588,1519279273.897512
589,1519279274.063719
590,1519279274.229534
591,1519279274.395533
592,1519279274.561435
593,1519279274.729909
594,1519279274.895512
595,1519279275.061641
596,1519279275.228276
597,1519279275.395564
598,1519279275.56137
599,1519279275.727771
600,1519279275.893565
601,1519279276.061582
602,1519279276.227811
603,1519279276.393855
604,1519279276.560414
605,1519279276.725756
606,1519279276.894071
607,1519279277.059732
608,1519279277.225785
609,1519279277.391681
610,1519279277.55957
611,1519279277.725521
612,1519279277.891571
613,1519279278.057566
614,1519279278.225642
615,1519279278.391781
616,1519279278.557825
617,1519279278.723746
618,1519279278.889561
619,1519279279.057718
620,1519279279.223892
621,1519279279.389612
622,1519279279.555585
623,1519279279.724402
624,1519279279.889511
625,1519279280.055491
626,1519279280.22318
627,1519279280.389625
628,1519279280.555603
629,1519279280.722523
630,1519279280.887615
631,1519279281.053685
632,1519279281.222613
633,1519279281.387768
634,1519279281.55337
635,1519279281.719723
636,1519279281.887687
637,1519279282.053512
638,1519279282.219656
639,1519279282.385989
640,1519279282.553525
641,1519279282.719731
642,1519279282.885828
643,1519279283.051568
644,1519279283.217555
645,1519279283.386121
646,1519279283.551489
647,1519279283.71756
648,1519279283.883523
649,1519279284.051786
650,1519279284.217573
651,1519279284.38355
652,1519279284.549684
653,1519279284.71764
654,1519279284.883644
655,1519279285.051048
656,1519279285.215967
657,1519279285.381725
658,1519279285.549912
659,1519279285.715741
660,1519279285.88144
661,1519279286.047582
662,1519279286.215682
663,1519279286.381652
664,1519279286.5474
665,1519279286.713687
666,1519279286.879439
667,1519279287.047801
668,1519279287.213564
669,1519279287.37961
670,1519279287.545594
671,1519279287.713533
672,1519279287.879617
673,1519279288.045745
674,1519279288.211444
675,1519279288.379626
676,1519279288.545509
677,1519279288.711693
678,1519279288.877762
679,1519279289.043486
680,1519279289.211664
681,1519279289.377827
682,1519279289.543591
683,1519279289.711567
684,1519279289.877503
685,1519279290.043562
686,1519279290.209736
687,1519279290.376
688,1519279290.543551
689,1519279290.709574
690,1519279290.875741
691,1519279291.041852
692,1519279291.207589
693,1519279291.375414
694,1519279291.541844
695,1519279291.707485
696,1519279291.873606
697,1519279292.043194
698,1519279292.207647
699,1519279292.373463
700,1519279292.539647
701,1519279292.707393
702,1519279292.873571
703,1519279293.039579
704,1519279293.205853
705,1519279293.371467
706,1519279293.539586
707,1519279293.705831
708,1519279293.871547
709,1519279294.037576
710,1519279294.205815
711,1519279294.371479
712,1519279294.537672
713,1519279294.703573
714,1519279294.871454
715,1519279295.037358
716,1519279295.20371
717,1519279295.369778
718,1519279295.535664
719,1519279295.703534
720,1519279295.869625
721,1519279296.035644
722,1519279296.201673
723,1519279296.369483
724,1519279296.535518
725,1519279296.701686
726,1519279296.867771
727,1519279297.035382
728,1519279297.201611
729,1519279297.367777
730,1519279297.534012
731,1519279297.699761
732,1519279297.867615
733,1519279298.033772
734,1519279298.199703
735,1519279298.365794
736,1519279298.533704
737,1519279298.700102
738,1519279298.865577
739,1519279299.031612
740,1519279299.199707
741,1519279299.365555
742,1519279299.531595
743,1519279299.697925
744,1519279299.863705
745,1519279300.031523
746,1519279300.197473
747,1519279300.36348
748,1519279300.529692
749,1519279300.697563
750,1519279300.863444
751,1519279301.029507
752,1519279301.195719
753,1519279301.362093
754,1519279301.529497
755,1519279301.695711
756,1519279301.86189
757,1519279302.027693
758,1519279302.195645
759,1519279302.36157
760,1519279302.527478
761,1519279302.693486
762,1519279302.86296
763,1519279303.027507
764,1519279303.193486
765,1519279303.359603
766,1519279303.525981
767,1519279303.69344
768,1519279303.859863
769,1519279304.025547
770,1519279304.191704
771,1519279304.359447
772,1519279304.525599
773,1519279304.691455
774,1519279304.857619
775,1519279305.025538
776,1519279305.191507
777,1519279305.357536
778,1519279305.523464
779,1519279305.689524
780,1519279305.857573
781,1519279306.023473
782,1519279306.18959
783,1519279306.355503
784,1519279306.523628
785,1519279306.68959
786,1519279306.855539
787,1519279307.021602
788,1519279307.190376
789,1519279307.35542
790,1519279307.52154
791,1519279307.687604
792,1519279307.854036
793,1519279308.021544
794,1519279308.187638
795,1519279308.353559
796,1519279308.519596
797,1519279308.687503
798,1519279308.85357
799,1519279309.019487
800,1519279309.18551
801,1519279309.353513
802,1519279309.519581
803,1519279309.685368
804,1519279309.851737
805,1519279310.017617
806,1519279310.185593
807,1519279310.351538
808,1519279310.517566
809,1519279310.683446
810,1519279310.851594
811,1519279311.017545
812,1519279311.183489
813,1519279311.349483
814,1519279311.517645
815,1519279311.684258
816,1519279311.849631
817,1519279312.015544
818,1519279312.181663
819,1519279312.349503
820,1519279312.515595
821,1519279312.681555
822,1519279312.847622
823,1519279313.015503
824,1519279313.181638
825,1519279313.347491
826,1519279313.513618
827,1519279313.679483
828,1519279313.847728
829,1519279314.013665
830,1519279314.179696
831,1519279314.34556
832,1519279314.513642
833,1519279314.67953
834,1519279314.845656
835,1519279315.011514
836,1519279315.179627
837,1519279315.345537
838,1519279315.511793
839,1519279315.677467
840,1519279315.843645
841,1519279316.012191
842,1519279316.177624
843,1519279316.343652
844,1519279316.509675
845,1519279316.677638
846,1519279316.843644
847,1519279317.009453
848,1519279317.175591
849,1519279317.343608
850,1519279317.509792
851,1519279317.675711
852,1519279317.841671
853,1519279318.00754
854,1519279318.175994
855,1519279318.341662
856,1519279318.507478
857,1519279318.673495
858,1519279318.841593
859,1519279319.007483
860,1519279319.173797
861,1519279319.339449
862,1519279319.507626
863,1519279319.673529
864,1519279319.839896
865,1519279320.005379
866,1519279320.172498
867,1519279320.339662
868,1519279320.505715
869,1519279320.671491
870,1519279320.837579
871,1519279321.005488
872,1519279321.171829
873,1519279321.337633
874,1519279321.504026
875,1519279321.67168
876,1519279321.837529
877,1519279322.003831
878,1519279322.16948
879,1519279322.335623
880,1519279322.5037
881,1519279322.669516
882,1519279322.835613
883,1519279323.001669
884,1519279323.169873
885,1519279323.335532
886,1519279323.501567
887,1519279323.668001
888,1519279323.835509
889,1519279324.001866
890,1519279324.167697
891,1519279324.333607
892,1519279324.500194
893,1519279324.667756
894,1519279324.833507
895,1519279324.999728
896,1519279325.16563
897,1519279325.333635
898,1519279325.499746
899,1519279325.665625
900,1519279325.831829
901,1519279325.999717
902,1519279326.165594
903,1519279326.332016
904,1519279326.497532
905,1519279326.663676
906,1519279326.831829
907,1519279326.997753
908,1519279327.163655
909,1519279327.329729
910,1519279327.497434
911,1519279327.663482
912,1519279327.829593
913,1519279327.995483
914,1519279328.161381
915,1519279328.329888
916,1519279328.495721
917,1519279328.662478
918,1519279328.827978
919,1519279328.995583
920,1519279329.161369
921,1519279329.327646
922,1519279329.493501
923,1519279329.661709
924,1519279329.827507
925,1519279329.993669
926,1519279330.15972
927,1519279330.325605
928,1519279330.493532
929,1519279330.659808
930,1519279330.825484
931,1519279330.991772
932,1519279331.159569
933,1519279331.325596
934,1519279331.491504
935,1519279331.657748
936,1519279331.825566
937,1519279331.991629
938,1519279332.157741
939,1519279332.32413
940,1519279332.489484
941,1519279332.657757
942,1519279332.823598
943,1519279332.989595
944,1519279333.155475
945,1519279333.3255
946,1519279333.490259
947,1519279333.6559
948,1519279333.821488
949,1519279333.98954
950,1519279334.155542
951,1519279334.32153
952,1519279334.488015
953,1519279334.653594
954,1519279334.821519
955,1519279334.987754
956,1519279335.153669
957,1519279335.319506
958,1519279335.487931
959,1519279335.65362
960,1519279335.819606
961,1519279335.985662
962,1519279336.15344
963,1519279336.319621
964,1519279336.485705
965,1519279336.6521
966,1519279336.8177
967,1519279336.985806
968,1519279337.151587
969,1519279337.317613
970,1519279337.483655
971,1519279337.654188
972,1519279337.817558
973,1519279337.983692
974,1519279338.149638
975,1519279338.318004
976,1519279338.483645
977,1519279338.650054
978,1519279338.815447
979,1519279338.981608
980,1519279339.149696
981,1519279339.315631
982,1519279339.481547
983,1519279339.647733
984,1519279339.815575
985,1519279339.981597
986,1519279340.147484
987,1519279340.313719
988,1519279340.479782
989,1519279340.647934
990,1519279340.813806
991,1519279340.980112
992,1519279341.145671
993,1519279341.314248
994,1519279341.480002
995,1519279341.645838
996,1519279341.812237
997,1519279341.98007
998,1519279342.146135
999,1519279342.311995
1000,1519279342.478156
1001,1519279342.64386
1002,1519279342.811644
1003,1519279342.977703
1004,1519279343.143647
1005,1519279343.309578
1006,1519279343.477488
1007,1519279343.643687
1008,1519279343.809908
1009,1519279343.975605
1010,1519279344.14367
1011,1519279344.309942
1012,1519279344.475615
1013,1519279344.641735
1014,1519279344.808019
1015,1519279344.975532
1016,1519279345.141696
1017,1519279345.307679
1018,1519279345.474858
1019,1519279345.641576
1020,1519279345.80742
1021,1519279345.974486
1022,1519279346.139707
1023,1519279346.307754
1024,1519279346.476936
1025,1519279346.639643
1026,1519279346.805532
1027,1519279346.971768
1028,1519279347.139585
1029,1519279347.305644
1030,1519279347.471592
1031,1519279347.637709
1032,1519279347.805786
1033,1519279347.971769
1034,1519279348.137904
1035,1519279348.303716
1036,1519279348.471671
1037,1519279348.638176
1038,1519279348.803488
1039,1519279348.969694
1040,1519279349.135588
1041,1519279349.303684
1042,1519279349.469443
1043,1519279349.635688
1044,1519279349.80145
1045,1519279349.969578
1046,1519279350.135604
1047,1519279350.301689
1048,1519279350.467564
1049,1519279350.638005
1050,1519279350.802044
1051,1519279350.967596
1052,1519279351.133712
1053,1519279351.299759
1054,1519279351.467522
1055,1519279351.633649
1056,1519279351.799909
1057,1519279351.965598
1058,1519279352.133631
1059,1519279352.300035
1060,1519279352.465951
1061,1519279352.631601
1062,1519279352.799687
1063,1519279352.966085
1064,1519279353.131529
1065,1519279353.297699
1066,1519279353.463546
1067,1519279353.631654
1068,1519279353.797483
1069,1519279353.96406
1070,1519279354.129623
1071,1519279354.297691
1072,1519279354.463662
1073,1519279354.630268
1074,1519279354.795581
1075,1519279354.961679
1076,1519279355.131384
1077,1519279355.295757
1078,1519279355.461459
1079,1519279355.627707
1080,1519279355.795523
1081,1519279355.961675
1082,1519279356.1277
1083,1519279356.293575
1084,1519279356.461649
1085,1519279356.62768
1086,1519279356.79363
1087,1519279356.959597
1088,1519279357.12562
1089,1519279357.293686
1090,1519279357.459678
1091,1519279357.625753
1092,1519279357.791694
1093,1519279357.959723
1094,1519279358.125544
1095,1519279358.291622
1096,1519279358.458025
1097,1519279358.62565
1098,1519279358.791658
1099,1519279358.958036
1100,1519279359.123527
1101,1519279359.289825
1102,1519279359.459298
1103,1519279359.623783
1104,1519279359.789651
1105,1519279359.955617
1106,1519279360.123495
1107,1519279360.289644
1108,1519279360.455787
1109,1519279360.621971
1110,1519279360.789614
1111,1519279360.955705
1112,1519279361.121816
1113,1519279361.287624
1114,1519279361.453462
1115,1519279361.622019
1116,1519279361.787526
1117,1519279361.953598
1118,1519279362.119606
1119,1519279362.287676
1120,1519279362.45388
1121,1519279362.619737
1122,1519279362.78618
1123,1519279362.953602
1124,1519279363.119473
1125,1519279363.28574
1126,1519279363.451685
1127,1519279363.617563
1128,1519279363.787222
1129,1519279363.951699
1130,1519279364.117549
1131,1519279364.283673
1132,1519279364.451557
1133,1519279364.617624
1134,1519279364.783814
1135,1519279364.950184
1136,1519279365.117494
1137,1519279365.283788
1138,1519279365.449739
1139,1519279365.61588
1140,1519279365.781561
1141,1519279365.949823
1142,1519279366.115597
1143,1519279366.281896
1144,1519279366.44771
1145,1519279366.615752
1146,1519279366.781582
1147,1519279366.947937
1148,1519279367.114025
1149,1519279367.279977
1150,1519279367.447521
1151,1519279367.621041
1152,1519279367.779511
1153,1519279367.945648
1154,1519279368.113702
1155,1519279368.279553
1156,1519279368.445603
1157,1519279368.611888
1158,1519279368.780558
1159,1519279368.945815
1160,1519279369.111969
1161,1519279369.277635
1162,1519279369.444095
1163,1519279369.611647
1164,1519279369.777694
1165,1519279369.943737
1166,1519279370.109521
1167,1519279370.277768
1168,1519279370.443612
1169,1519279370.609577
1170,1519279370.775592
1171,1519279370.94369
1172,1519279371.109659
1173,1519279371.275941
1174,1519279371.441823
1175,1519279371.607584
1176,1519279371.775674
1177,1519279371.942951
1178,1519279372.107638
1179,1519279372.274511
1180,1519279372.441749
1181,1519279372.608192
1182,1519279372.773377
1183,1519279372.939685
1184,1519279373.108497
1185,1519279373.273774
1186,1519279373.439391
1187,1519279373.606148
1188,1519279373.771413
1189,1519279373.939672
1190,1519279374.106538
1191,1519279374.271638
1192,1519279374.437605
1193,1519279374.6056
1194,1519279374.771559
1195,1519279374.937619
1196,1519279375.103554
1197,1519279375.271628
1198,1519279375.437558
1199,1519279375.603715
1200,1519279375.769947
1201,1519279375.935578
1202,1519279376.103443
1203,1519279376.269746
1204,1519279376.435417
1205,1519279376.601763
1206,1519279376.769578
1207,1519279376.935711
1208,1519279377.101522
1209,1519279377.267729
1210,1519279377.435587
1211,1519279377.601789
1212,1519279377.767623
1213,1519279377.934859
1214,1519279378.099948
1215,1519279378.267786
1216,1519279378.433676
1217,1519279378.599528
1218,1519279378.765738
1219,1519279378.933735
1220,1519279379.099496
1221,1519279379.265747
1222,1519279379.431534
1223,1519279379.599594
1224,1519279379.76566
1225,1519279379.931888
1226,1519279380.097743
1227,1519279380.263768
1228,1519279380.431648
1229,1519279380.597648
1230,1519279380.76346
1231,1519279380.930441
1232,1519279381.097644
1233,1519279381.263563
1234,1519279381.42961
1235,1519279381.595688
1236,1519279381.761571
1237,1519279381.929642
1238,1519279382.095651
1239,1519279382.26215
1240,1519279382.427558
1241,1519279382.595678
1242,1519279382.761459
1243,1519279382.927651
1244,1519279383.095359
1245,1519279383.26161
1246,1519279383.427666
1247,1519279383.593605
1248,1519279383.759461
1249,1519279383.926469
1250,1519279384.093571
1251,1519279384.25991
1252,1519279384.4259
1253,1519279384.591622
1254,1519279384.759439
1255,1519279384.925882
1256,1519279385.091522
1257,1519279385.257513
1258,1519279385.42646
1259,1519279385.591618
1260,1519279385.757509
1261,1519279385.923745
1262,1519279386.089831
1263,1519279386.257651
1264,1519279386.42362
1265,1519279386.589666
1266,1519279386.755414
1267,1519279386.923662
1268,1519279387.089671
1269,1519279387.255498
1270,1519279387.421595
1271,1519279387.589569
1272,1519279387.755589
1273,1519279387.921365
1274,1519279388.08769
1275,1519279388.253435
1276,1519279388.42162
1277,1519279388.587749
1278,1519279388.753679
1279,1519279388.919492
1280,1519279389.087489
1281,1519279389.253626
1282,1519279389.419567
1283,1519279389.585544
1284,1519279389.753779
1285,1519279389.919878
1286,1519279390.085638
1287,1519279390.251562
1288,1519279390.418103
1289,1519279390.585464
1290,1519279390.751643
1291,1519279390.91774
1292,1519279391.083599
1293,1519279391.251514
1294,1519279391.417623
1295,1519279391.583596
1296,1519279391.749603
1297,1519279391.917472
1298,1519279392.083861
1299,1519279392.249532
1300,1519279392.415718
1301,1519279392.581582
1302,1519279392.749598
1303,1519279392.915617
1304,1519279393.081697
1305,1519279393.247635
1306,1519279393.415609
1307,1519279393.581617
1308,1519279393.747665
1309,1519279393.913516
1310,1519279394.082551
1311,1519279394.247793
1312,1519279394.413684
1313,1519279394.580004
1314,1519279394.745665
1315,1519279394.913563
1316,1519279395.079714
1317,1519279395.245707
1318,1519279395.411755
1319,1519279395.57974
1320,1519279395.745691
1321,1519279395.91162
1322,1519279396.077872
1323,1519279396.24361
1324,1519279396.41237
1325,1519279396.577581
1326,1519279396.7437
1327,1519279396.909632
1328,1519279397.078038
1329,1519279397.243556
1330,1519279397.409757
1331,1519279397.575655
1332,1519279397.743668
1333,1519279397.909681
1334,1519279398.075806
1335,1519279398.243333
1336,1519279398.40791
1337,1519279398.576041
1338,1519279398.741763
1339,1519279398.908028
1340,1519279399.074506
1341,1519279399.241914
1342,1519279399.408041
1343,1519279399.574123
1344,1519279399.740077
1345,1519279399.921951
1346,1519279400.074143
1347,1519279400.239911
1348,1519279400.405859
1349,1519279400.571732
1350,1519279400.739982
1351,1519279400.906045
1352,1519279401.073678
1353,1519279401.238005
1354,1519279401.405732
1355,1519279401.571975
1356,1519279401.737808
1357,1519279401.905001
1358,1519279402.071842
1359,1519279402.239689
1360,1519279402.4036
1361,1519279402.569881
1362,1519279402.735836
1363,1519279402.904083
1364,1519279403.069922
1365,1519279403.235842
1366,1519279403.401786
1367,1519279403.569676
1368,1519279403.735841
1369,1519279403.901847
1370,1519279404.068471
1371,1519279404.235768
1372,1519279404.401866
1373,1519279404.569107
1374,1519279404.733872
1375,1519279404.900127
1376,1519279405.067757
1377,1519279405.234444
1378,1519279405.39986
1379,1519279405.565834
1380,1519279405.734386
1381,1519279405.899583
1382,1519279406.065915
1383,1519279406.232705
1384,1519279406.400516
1385,1519279406.565782
1386,1519279406.732057
1387,1519279406.897797
1388,1519279407.064337
1389,1519279407.231678
1390,1519279407.397778
1391,1519279407.563728
1392,1519279407.729839
1393,1519279407.897701
1394,1519279408.063681
1395,1519279408.229746
1396,1519279408.395722
1397,1519279408.562491
1398,1519279408.729757
1399,1519279408.895664
1400,1519279409.061717
1401,1519279409.227742
1402,1519279409.396463
1403,1519279409.56157
1404,1519279409.727698
1405,1519279409.894566
1406,1519279410.063425
1407,1519279410.227798
1408,1519279410.39413
1409,1519279410.562063
1410,1519279410.725698
1411,1519279410.893598
1412,1519279411.061491
1413,1519279411.225615
1414,1519279411.391708
1415,1519279411.559663
1416,1519279411.725725
1417,1519279411.891644
1418,1519279412.057966
1419,1519279412.225646
1420,1519279412.391781
1421,1519279412.557651
1422,1519279412.723714
1423,1519279412.88973
1424,1519279413.05775
1425,1519279413.223592
1426,1519279413.390307
1427,1519279413.556331
1428,1519279413.723749
1429,1519279413.889714
1430,1519279414.055837
1431,1519279414.2217
1432,1519279414.390217
1433,1519279414.555777
1434,1519279414.727926
1435,1519279414.888518
1436,1519279415.054146
1437,1519279415.221766
1438,1519279415.387711
1439,1519279415.553681
1440,1519279415.719676
1441,1519279415.887638
1442,1519279416.053588
1443,1519279416.219707
1444,1519279416.385666
1445,1519279416.553712
1446,1519279416.719669
1447,1519279416.885853
1448,1519279417.052316
1449,1519279417.217918
1450,1519279417.385849
1451,1519279417.551743
1452,1519279417.717622
1453,1519279417.883774
1454,1519279418.05175
1455,1519279418.217926
1456,1519279418.383706
1457,1519279418.550059
1458,1519279418.71783
1459,1519279418.883893
1460,1519279419.049601
1461,1519279419.217864
1462,1519279419.382606
1463,1519279419.549994
1464,1519279419.715784
1465,1519279419.881771
1466,1519279420.047723
1467,1519279420.215833
1468,1519279420.38162
1469,1519279420.54786
1470,1519279420.713829
1471,1519279420.881697
1472,1519279421.047689
1473,1519279421.214315
1474,1519279421.379602
1475,1519279421.546059
1476,1519279421.713802
1477,1519279421.879773
1478,1519279422.045845
1479,1519279422.211753
1480,1519279422.379613
1481,1519279422.545665
1482,1519279422.711558
1483,1519279422.877758
1484,1519279423.043729
1485,1519279423.21591
1486,1519279423.377646
1487,1519279423.546726
1488,1519279423.709866
1489,1519279423.877773
1490,1519279424.043958
1491,1519279424.209882
1492,1519279424.375756
1493,1519279424.544146
1494,1519279424.7097
1495,1519279424.875814
1496,1519279425.041768
1497,1519279425.207894
1498,1519279425.376315
1499,1519279425.542089
1500,1519279425.708076
1501,1519279425.874041
1502,1519279426.041724
1503,1519279426.207826
1504,1519279426.37424
1505,1519279426.53985
1506,1519279426.707559
1507,1519279426.874306
1508,1519279427.039483
1509,1519279427.205707
1510,1519279427.371516
1511,1519279427.539599
1512,1519279427.706726
1513,1519279427.872242
1514,1519279428.037528
1515,1519279428.205713
1516,1519279428.371549
1517,1519279428.537711
1518,1519279428.703744
1519,1519279428.871603
1520,1519279429.037557
1521,1519279429.203656
1522,1519279429.36962
1523,1519279429.536164
1524,1519279429.703957
1525,1519279429.869762
1526,1519279430.035719
1527,1519279430.201639
1528,1519279430.369513
1529,1519279430.535879
1530,1519279430.701573
1531,1519279430.8677
1532,1519279431.035631
1533,1519279431.20168
1534,1519279431.367465
1535,1519279431.533881
1536,1519279431.699758
1537,1519279431.86837
1538,1519279432.033635
1539,1519279432.199866
1540,1519279432.365839
1541,1519279432.533633
1542,1519279432.699725
1543,1519279432.865667
1544,1519279433.0316
1545,1519279433.199689
1546,1519279433.365758
1547,1519279433.531565
1548,1519279433.697695
1549,1519279433.864046
1550,1519279434.031688
1551,1519279434.197803
1552,1519279434.363497
1553,1519279434.529653
1554,1519279434.697715
1555,1519279434.863892
1556,1519279435.029512
1557,1519279435.195806
1558,1519279435.361629
1559,1519279435.529951
1560,1519279435.695508
1561,1519279435.861799
1562,1519279436.027566
1563,1519279436.196486
1564,1519279436.361678
1565,1519279436.527631
1566,1519279436.693554
1567,1519279436.861573
1568,1519279437.027637
1569,1519279437.193924
1570,1519279437.359596
1571,1519279437.525842
1572,1519279437.694021
1573,1519279437.859765
1574,1519279438.025616
1575,1519279438.191669
1576,1519279438.360145
1577,1519279438.525691
1578,1519279438.691702
1579,1519279438.857603
1580,1519279439.025619
1581,1519279439.191606
1582,1519279439.357541
1583,1519279439.523899
1584,1519279439.689633
1585,1519279439.857861
1586,1519279440.023481
1587,1519279440.189719
1588,1519279440.355672
1589,1519279440.523622
1590,1519279440.690456
1591,1519279440.855635
1592,1519279441.021593
1593,1519279441.189762
1594,1519279441.355746
1595,1519279441.522339
1596,1519279441.687533
1597,1519279441.853629
1598,1519279442.021518
1599,1519279442.187672
1600,1519279442.353523
1601,1519279442.519721
1602,1519279442.687574
1603,1519279442.853718
1604,1519279443.019747
1605,1519279443.185574
1606,1519279443.353562
1607,1519279443.51972
1608,1519279443.685762
1609,1519279443.851764
1610,1519279444.017641
1611,1519279444.185679
1612,1519279444.351565
1613,1519279444.517972
1614,1519279444.683474
1615,1519279444.851673
1616,1519279445.017841
1617,1519279445.183875
1618,1519279445.349863
1619,1519279445.517872
1620,1519279445.683643
1621,1519279445.850011
1622,1519279446.015917
1623,1519279446.181761
1624,1519279446.349681
1625,1519279446.515837
1626,1519279446.681619
1627,1519279446.84803
1628,1519279447.0163
1629,1519279447.181743
1630,1519279447.347831
1631,1519279447.516302
1632,1519279447.68171
1633,1519279447.847928
1634,1519279448.013587
1635,1519279448.179653
1636,1519279448.345716
1637,1519279448.513961
1638,1519279448.679574
1639,1519279448.845606
1640,1519279449.011581
1641,1519279449.179739
1642,1519279449.345908
1643,1519279449.512311
1644,1519279449.677754
1645,1519279449.843807
1646,1519279450.011644
1647,1519279450.178107
1648,1519279450.34385
1649,1519279450.5097
1650,1519279450.677588
1651,1519279450.843834
1652,1519279451.009617
1653,1519279451.175779
1654,1519279451.343877
1655,1519279451.509782
1656,1519279451.676042
1657,1519279451.841916
1658,1519279452.007709
1659,1519279452.175824
1660,1519279452.341821
1661,1519279452.507741
1662,1519279452.673609
1663,1519279452.841827
1664,1519279453.007544
1665,1519279453.173714
1666,1519279453.339651
1667,1519279453.507708
1668,1519279453.675301
1669,1519279453.839964
1670,1519279454.006142
1671,1519279454.171578
1672,1519279454.339883
1673,1519279454.506124
1674,1519279454.671797
1675,1519279454.837703
1676,1519279455.005828
1677,1519279455.1718
1678,1519279455.3377
1679,1519279455.503857
1680,1519279455.671894
1681,1519279455.837777
1682,1519279456.003841
1683,1519279456.169681
1684,1519279456.335577
1685,1519279456.503776
1686,1519279456.669806
1687,1519279456.835891
1688,1519279457.001582
1689,1519279457.16988
1690,1519279457.335604
1691,1519279457.501743
1692,1519279457.667713
1693,1519279457.835694
1694,1519279458.001757
1695,1519279458.167667
1696,1519279458.334409
1697,1519279458.499744
1698,1519279458.667594
1699,1519279458.833765
1700,1519279458.999541
1701,1519279459.165685
1702,1519279459.333671
1703,1519279459.499758
1704,1519279459.665542
1705,1519279459.831876
1706,1519279459.999693
1707,1519279460.165759
1708,1519279460.331655
1709,1519279460.498193
1710,1519279460.663487
1711,1519279460.831818
1712,1519279460.998052
1713,1519279461.163988
1714,1519279461.32971
1715,1519279461.497912
1716,1519279461.663778
1717,1519279461.829841
1718,1519279461.995762
1719,1519279462.162675
1720,1519279462.329633
1721,1519279462.49586
1722,1519279462.662189
1723,1519279462.827823
1724,1519279462.995775
1725,1519279463.161739
1726,1519279463.327673
1727,1519279463.493645
1728,1519279463.661772
1729,1519279463.827703
1730,1519279463.993662
1731,1519279464.159945
1732,1519279464.326004
1733,1519279464.493725
1734,1519279464.660078
1735,1519279464.82572
1736,1519279464.991589
1737,1519279465.159653
1738,1519279465.32572
1739,1519279465.491723
1740,1519279465.657832
1741,1519279465.825797
1742,1519279465.991984
1743,1519279466.157783
1744,1519279466.323807
1745,1519279466.48967
1746,1519279466.657594
1747,1519279466.825987
1748,1519279466.989922
1749,1519279467.155988
1750,1519279467.323613
1751,1519279467.489918
1752,1519279467.655636
1753,1519279467.821777
1754,1519279467.989798
1755,1519279468.155779
1756,1519279468.321718
1757,1519279468.488052
1758,1519279468.65395
1759,1519279468.821738
1760,1519279468.988513
1761,1519279469.153885
1762,1519279469.319738
1763,1519279469.487798
1764,1519279469.653792
1765,1519279469.819711
1766,1519279469.985634
1767,1519279470.153709
1768,1519279470.319845
1769,1519279470.485783
1770,1519279470.651974
1771,1519279470.818331
1772,1519279470.985673
1773,1519279471.151853
1774,1519279471.317792
1775,1519279471.483885
1776,1519279471.651734
1777,1519279471.817841
1778,1519279471.983791
1779,1519279472.149858
1780,1519279472.317683
1781,1519279472.484071
1782,1519279472.649643
1783,1519279472.815875
1784,1519279472.981796
1785,1519279473.149763
1786,1519279473.315896
1787,1519279473.481913
1788,1519279473.648484
1789,1519279473.815771
1790,1519279473.981693
1791,1519279474.148838
1792,1519279474.313649
1793,1519279474.481749
1794,1519279474.647579
1795,1519279474.813791
1796,1519279474.979767
1797,1519279475.145953
1798,1519279475.313687
1799,1519279475.481662
1800,1519279475.645809
1801,1519279475.811777
1802,1519279475.979539
1803,1519279476.145883
1804,1519279476.311797
1805,1519279476.477861
1806,1519279476.643902
1807,1519279476.812129
1808,1519279476.977708
1809,1519279477.14384
1810,1519279477.309959
1811,1519279477.477776
1812,1519279477.643652
1813,1519279477.809924
1814,1519279477.97572
1815,1519279478.143678
1816,1519279478.309777
1817,1519279478.47609
1818,1519279478.641666
1819,1519279478.807836
1820,1519279478.976
1821,1519279479.141708
1822,1519279479.307762
1823,1519279479.473825
1824,1519279479.642842
1825,1519279479.807757
1826,1519279479.973643
1827,1519279480.139731
1828,1519279480.307652
1829,1519279480.4736
1830,1519279480.639832
1831,1519279480.805701
1832,1519279480.971685
1833,1519279481.139782
1834,1519279481.305786
1835,1519279481.471675
1836,1519279481.637712
1837,1519279481.805626
1838,1519279481.971734
1839,1519279482.137671
1840,1519279482.303846
1841,1519279482.471503
1842,1519279482.637712
1843,1519279482.804141
1844,1519279482.969782
1845,1519279483.135809
1846,1519279483.30408
1847,1519279483.46971
1848,1519279483.635762
1849,1519279483.802503
1850,1519279483.969962
1851,1519279484.135509
1852,1519279484.301832
1853,1519279484.467841
1854,1519279484.635697
1855,1519279484.801603
1856,1519279484.968092
1857,1519279485.133663
1858,1519279485.299754
1859,1519279485.468062
1860,1519279485.633689
1861,1519279485.799607
1862,1519279485.965894
1863,1519279486.133539
1864,1519279486.299667
1865,1519279486.465688
1866,1519279486.631824
1867,1519279486.79953
1868,1519279486.965754
1869,1519279487.132125
1870,1519279487.297772
1871,1519279487.46383
1872,1519279487.631704
1873,1519279487.797686
1874,1519279487.963727
1875,1519279488.131597
1876,1519279488.297781
1877,1519279488.463488
1878,1519279488.629745
1879,1519279488.795766
1880,1519279488.9637
1881,1519279489.129677
1882,1519279489.296006
1883,1519279489.461817
1884,1519279489.627777
1885,1519279489.795631
1886,1519279489.961825
1887,1519279490.127816
1888,1519279490.293878
1889,1519279490.46153
1890,1519279490.627675
1891,1519279490.793745
1892,1519279490.960183
1893,1519279491.125811
1894,1519279491.293748
1895,1519279491.459907
1896,1519279491.62567
1897,1519279491.791672
1898,1519279491.960124
1899,1519279492.12567
1900,1519279492.292142
1901,1519279492.457678
1902,1519279492.62573
1903,1519279492.791521
1904,1519279492.957763
1905,1519279493.124022
1906,1519279493.289768
1907,1519279493.457693
1908,1519279493.623896
1909,1519279493.789497
1910,1519279493.955755
1911,1519279494.123848
1912,1519279494.28963
1913,1519279494.455608
1914,1519279494.621732
1915,1519279494.789593
1916,1519279494.95575
1917,1519279495.121544
1918,1519279495.289273
1919,1519279495.453606
1920,1519279495.621746
1921,1519279495.788706
1922,1519279495.953609
1923,1519279496.119482
1924,1519279496.288888
1925,1519279496.453607
1926,1519279496.620008
1927,1519279496.78715
1928,1519279496.9536
1929,1519279497.119543
1930,1519279497.285772
1931,1519279497.451932
1932,1519279497.617727
1933,1519279497.785929
1934,1519279497.951808
1935,1519279498.117588
1936,1519279498.283595
1937,1519279498.45205
1938,1519279498.617686
1939,1519279498.783708
1940,1519279498.949769
1941,1519279499.117562
1942,1519279499.283649
1943,1519279499.449678
1944,1519279499.615762
1945,1519279499.781619
1946,1519279499.949675
1947,1519279500.115783
1948,1519279500.281697
1949,1519279500.447501
1950,1519279500.615744
1951,1519279500.781582
1952,1519279500.947632
1953,1519279501.113723
1954,1519279501.281648
1955,1519279501.447813
1956,1519279501.61374
1957,1519279501.779953
1958,1519279501.945678
1959,1519279502.113669
1960,1519279502.279985
1961,1519279502.445664
1962,1519279502.611702
1963,1519279502.779696
1964,1519279502.945605
1965,1519279503.111577
1966,1519279503.277743
1967,1519279503.443623
1968,1519279503.611712
1969,1519279503.777574
1970,1519279503.943847
1971,1519279504.109599
1972,1519279504.278436
1973,1519279504.443563
1974,1519279504.609681
1975,1519279504.775617
1976,1519279504.944009
1977,1519279505.109589
1978,1519279505.275777
1979,1519279505.442329
1980,1519279505.60759
1981,1519279505.775768
1982,1519279505.941785
1983,1519279506.107974
1984,1519279506.273812
1985,1519279506.441699
1986,1519279506.608036
1987,1519279506.773589
1988,1519279506.939561
1989,1519279507.107755
1990,1519279507.27375
1991,1519279507.43968
1992,1519279507.605767
1993,1519279507.771958
1994,1519279507.939615
1995,1519279508.105647
1996,1519279508.271816
1997,1519279508.437547
1998,1519279508.605628
1999,1519279508.772181
2000,1519279508.937706
2001,1519279509.103635
2002,1519279509.271823
2003,1519279509.437494
2004,1519279509.60588
2005,1519279509.769642
2006,1519279509.935857
2007,1519279510.103587
2008,1519279510.269807
2009,1519279510.435721
2010,1519279510.601904
2011,1519279510.769517
2012,1519279510.935988
2013,1519279511.101712
2014,1519279511.267766
2015,1519279511.435707
2016,1519279511.601757
2017,1519279511.76783
2018,1519279511.933715
2019,1519279512.099974
2020,1519279512.267639
2021,1519279512.433719
2022,1519279512.600188
2023,1519279512.765535
2024,1519279512.933717
2025,1519279513.099958
2026,1519279513.265633
2027,1519279513.43161
2028,1519279513.599762
2029,1519279513.765535
2030,1519279513.931986
2031,1519279514.097778
2032,1519279514.264034
2033,1519279514.431496
2034,1519279514.59776
2035,1519279514.763495
2036,1519279514.929719
2037,1519279515.097693
2038,1519279515.263558
2039,1519279515.429647
2040,1519279515.595639
2041,1519279515.76357
2042,1519279515.92976
2043,1519279516.095571
2044,1519279516.261686
2045,1519279516.427967
2046,1519279516.595831
2047,1519279516.761643
2048,1519279516.928139
2049,1519279517.093681
2050,1519279517.261709
2051,1519279517.427689
2052,1519279517.593716
2053,1519279517.759501
2054,1519279517.925866
2055,1519279518.09353
2056,1519279518.261798
2057,1519279518.425708
2058,1519279518.59198
2059,1519279518.759585
2060,1519279518.925718
2061,1519279519.092143
2062,1519279519.257641
2063,1519279519.425776
2064,1519279519.591579
2065,1519279519.757654
2066,1519279519.923609
2067,1519279520.089767
2068,1519279520.257528
2069,1519279520.423713
2070,1519279520.589734
2071,1519279520.755698
2072,1519279520.923497
2073,1519279521.089739
2074,1519279521.255815
2075,1519279521.421692
2076,1519279521.589593
2077,1519279521.75581
2078,1519279521.921496
2079,1519279522.087727
2080,1519279522.253545
2081,1519279522.421591
2082,1519279522.587745
2083,1519279522.753836
2084,1519279522.92081
2085,1519279523.087833
2086,1519279523.253699
2087,1519279523.419963
2088,1519279523.585609
2089,1519279523.753748
2090,1519279523.919825
2091,1519279524.085797
2092,1519279524.251486
2093,1519279524.417768
2094,1519279524.585595
2095,1519279524.751605
2096,1519279524.917635
2097,1519279525.083712
2098,1519279525.251544
2099,1519279525.417728
2100,1519279525.584243
2101,1519279525.74962
2102,1519279525.917627
2103,1519279526.083689
2104,1519279526.249589
2105,1519279526.415684
2106,1519279526.58168
2107,1519279526.749659
2108,1519279526.915595
2109,1519279527.081871
2110,1519279527.248237
2111,1519279527.415664
2112,1519279527.581652
2113,1519279527.747836
2114,1519279527.91414
2115,1519279528.081864
2116,1519279528.247791
2117,1519279528.415048
2118,1519279528.579621
2119,1519279528.745838
2120,1519279528.915464
2121,1519279529.079668
2122,1519279529.245723
2123,1519279529.41332
2124,1519279529.579643
2125,1519279529.745875
2126,1519279529.912024
2127,1519279530.077691
2128,1519279530.246082
2129,1519279530.411765
2130,1519279530.577521
2131,1519279530.743669
2132,1519279530.909504
2133,1519279531.077722
2134,1519279531.243557
2135,1519279531.409964
2136,1519279531.576078
2137,1519279531.743724
2138,1519279531.909588
2139,1519279532.0756
2140,1519279532.241637
2141,1519279532.40766
2142,1519279532.575464
2143,1519279532.741719
2144,1519279532.907522
2145,1519279533.073762
2146,1519279533.241511
2147,1519279533.407763
2148,1519279533.573761
2149,1519279533.739822
2150,1519279533.907513
2151,1519279534.073739
2152,1519279534.239648
2153,1519279534.40562
2154,1519279534.571643
2155,1519279534.739947
2156,1519279534.905481
2157,1519279535.071701
2158,1519279535.237622
2159,1519279535.40567
2160,1519279535.571574
2161,1519279535.737752
2162,1519279535.905521
2163,1519279536.071718
2164,1519279536.23752
2165,1519279536.403738
2166,1519279536.569674
2167,1519279536.735807
2168,1519279536.903649
2169,1519279537.069635
2170,1519279537.235664
2171,1519279537.401799
2172,1519279537.56978
2173,1519279537.735622
2174,1519279537.901865
2175,1519279538.067578
2176,1519279538.235549
2177,1519279538.40165
2178,1519279538.567628
2179,1519279538.733606
2180,1519279538.899646
2181,1519279539.067793
2182,1519279539.23361
2183,1519279539.399771
2184,1519279539.565658
2185,1519279539.733899
2186,1519279539.899629
2187,1519279540.066298
2188,1519279540.231595
2189,1519279540.400836
2190,1519279540.56564
2191,1519279540.73186
2192,1519279540.897723
2193,1519279541.063567
2194,1519279541.231744
2195,1519279541.397749
2196,1519279541.563524
2197,1519279541.729701
2198,1519279541.897698
2199,1519279542.063695
2200,1519279542.229682
2201,1519279542.395753
2202,1519279542.56363
2203,1519279542.729752
2204,1519279542.895707
2205,1519279543.0619
2206,1519279543.227667
2207,1519279543.395734
2208,1519279543.561589
2209,1519279543.727602
2210,1519279543.893704
2211,1519279544.061903
2212,1519279544.229642
2213,1519279544.393926
2214,1519279544.559565
2215,1519279544.727619
2216,1519279544.893541
2217,1519279545.059783
2218,1519279545.225612
2219,1519279545.391724
2220,1519279545.559748
2221,1519279545.725625
2222,1519279545.891542
2223,1519279546.057781
2224,1519279546.225638
2225,1519279546.391625
2226,1519279546.557692
2227,1519279546.723864
2228,1519279546.889578
2229,1519279547.057819
2230,1519279547.223721
2231,1519279547.389713
2232,1519279547.555646
2233,1519279547.723804
2234,1519279547.889587
2235,1519279548.055575
2236,1519279548.221742
2237,1519279548.390138
2238,1519279548.555498
2239,1519279548.722754
2240,1519279548.887587
2241,1519279549.053616
2242,1519279549.221709
2243,1519279549.387782
2244,1519279549.553599
2245,1519279549.719862
2246,1519279549.88771
2247,1519279550.053882
2248,1519279550.219666
2249,1519279550.385633
2250,1519279550.553795
2251,1519279550.71962
2252,1519279550.885651
2253,1519279551.051754
2254,1519279551.217691
2255,1519279551.385729
2256,1519279551.5515
2257,1519279551.717701
2258,1519279551.8835
2259,1519279552.051884
2260,1519279552.217543
2261,1519279552.383745
2262,1519279552.54952
2263,1519279552.71804
2264,1519279552.88358
2265,1519279553.049622
2266,1519279553.215626
2267,1519279553.381712
2268,1519279553.549519
2269,1519279553.715729
2270,1519279553.881593
2271,1519279554.047724
2272,1519279554.215844
2273,1519279554.381698
2274,1519279554.547564
2275,1519279554.713738
2276,1519279554.881844
2277,1519279555.047884
2278,1519279555.213794
2279,1519279555.379859
2280,1519279555.54562
2281,1519279555.713719
2282,1519279555.879828
2283,1519279556.045734
2284,1519279556.211608
2285,1519279556.379753
2286,1519279556.545816
2287,1519279556.711776
2288,1519279556.877676
2289,1519279557.045874
2290,1519279557.211643
2291,1519279557.377739
2292,1519279557.543789
2293,1519279557.709638
2294,1519279557.877596
2295,1519279558.043727
2296,1519279558.209592
2297,1519279558.375703
2298,1519279558.543602
2299,1519279558.709856
2300,1519279558.875505
2301,1519279559.041759
2302,1519279559.207928
2303,1519279559.375699
2304,1519279559.541682
2305,1519279559.707891
2306,1519279559.873613
2307,1519279560.041684
2308,1519279560.207739
2309,1519279560.373714
2310,1519279560.539607
2311,1519279560.707842
2312,1519279560.873982
2313,1519279561.039694
2314,1519279561.20565
2315,1519279561.371787
2316,1519279561.539591
2317,1519279561.705635
2318,1519279561.873061
2319,1519279562.037576
2320,1519279562.205644
2321,1519279562.371811
2322,1519279562.537556
2323,1519279562.703687
2324,1519279562.871638
2325,1519279563.037591
2326,1519279563.203595
2327,1519279563.369778
2328,1519279563.535586
2329,1519279563.703694
2330,1519279563.869612
2331,1519279564.035903
2332,1519279564.20152
2333,1519279564.370057
2334,1519279564.535604
2335,1519279564.701754
2336,1519279564.86773
2337,1519279565.035798
2338,1519279565.201856
2339,1519279565.367725
2340,1519279565.533837
2341,1519279565.700048
2342,1519279565.867614
2343,1519279566.033717
2344,1519279566.20215
2345,1519279566.366027
2346,1519279566.533771
2347,1519279566.699947
2348,1519279566.865518
2349,1519279567.031827
2350,1519279567.199868
2351,1519279567.365675
2352,1519279567.531528
2353,1519279567.697892
2354,1519279567.863677
2355,1519279568.031672
2356,1519279568.197794
2357,1519279568.36377
2358,1519279568.529604
2359,1519279568.697821
2360,1519279568.863656
2361,1519279569.029601
2362,1519279569.195543
2363,1519279569.363824
2364,1519279569.529893
2365,1519279569.695732
2366,1519279569.861646
2367,1519279570.027814
2368,1519279570.195622
2369,1519279570.362827
2370,1519279570.5277
2371,1519279570.693777
2372,1519279570.861578
2373,1519279571.027806
2374,1519279571.193709
2375,1519279571.359833
2376,1519279571.52774
2377,1519279571.694064
2378,1519279571.859754
2379,1519279572.025822
2380,1519279572.191575
2381,1519279572.359773
2382,1519279572.525739
2383,1519279572.691954
2384,1519279572.85767
2385,1519279573.025757
2386,1519279573.191698
2387,1519279573.357677
2388,1519279573.523767
2389,1519279573.689745
2390,1519279573.857713
2391,1519279574.023645
2392,1519279574.189668
2393,1519279574.355785
2394,1519279574.523565
2395,1519279574.689678
2396,1519279574.855979
2397,1519279575.021626
2398,1519279575.18982
2399,1519279575.355775
2400,1519279575.521674
2401,1519279575.687644
2402,1519279575.853752
2403,1519279576.022219
2404,1519279576.187648
2405,1519279576.353809
2406,1519279576.519732
2407,1519279576.687737
2408,1519279576.853686
2409,1519279577.019806
2410,1519279577.185559
2411,1519279577.35377
2412,1519279577.519749
2413,1519279577.686013
2414,1519279577.851566
2415,1519279578.017888
2416,1519279578.185712
2417,1519279578.351654
2418,1519279578.517647
2419,1519279578.683796
2420,1519279578.851722
2421,1519279579.017755
2422,1519279579.183703
2423,1519279579.349802
2424,1519279579.517598
2425,1519279579.683792
2426,1519279579.849596
2427,1519279580.015636
2428,1519279580.181654
2429,1519279580.350006
2430,1519279580.515564
2431,1519279580.681734
2432,1519279580.847615
2433,1519279581.015767
2434,1519279581.181598
2435,1519279581.347802
2436,1519279581.513713
2437,1519279581.681754
2438,1519279581.847595
2439,1519279582.014144
2440,1519279582.179779
2441,1519279582.34604
2442,1519279582.51372
2443,1519279582.679629
2444,1519279582.845623
2445,1519279583.011745
2446,1519279583.179686
2447,1519279583.345792
2448,1519279583.513709
2449,1519279583.677692
2450,1519279583.845638
2451,1519279584.011839
2452,1519279584.177553
2453,1519279584.34393
2454,1519279584.50967
2455,1519279584.678141
2456,1519279584.843691
2457,1519279585.009661
2458,1519279585.175698
2459,1519279585.343867
2460,1519279585.50964
2461,1519279585.6758
2462,1519279585.841539
2463,1519279586.007639
2464,1519279586.175716
2465,1519279586.341998
2466,1519279586.507601
2467,1519279586.673826
2468,1519279586.841614
2469,1519279587.007772
2470,1519279587.173656
2471,1519279587.339909
2472,1519279587.507646
2473,1519279587.67387
2474,1519279587.841901
2475,1519279588.005749
2476,1519279588.171651
2477,1519279588.339789
2478,1519279588.506301
2479,1519279588.671744
2480,1519279588.837934
2481,1519279589.005828
2482,1519279589.171622
2483,1519279589.337799
2484,1519279589.503755
2485,1519279589.671854
2486,1519279589.837733
2487,1519279590.003795
2488,1519279590.17017
2489,1519279590.335674
2490,1519279590.503755
2491,1519279590.670012
2492,1519279590.835747
2493,1519279591.001997
2494,1519279591.170062
2495,1519279591.335769
2496,1519279591.501688
2497,1519279591.667851
2498,1519279591.835587
2499,1519279592.001835
2500,1519279592.168237
2501,1519279592.333782
2502,1519279592.500239
2503,1519279592.667819
2504,1519279592.834071
2505,1519279592.999838
2506,1519279593.165682
2507,1519279593.334304
2508,1519279593.499674
2509,1519279593.665769
2510,1519279593.831723
2511,1519279593.999814
2512,1519279594.165541
2513,1519279594.331962
2514,1519279594.497831
2515,1519279594.663858
2516,1519279594.831577
2517,1519279594.997953
2518,1519279595.163775
2519,1519279595.329856
2520,1519279595.497667
2521,1519279595.66377
2522,1519279595.829602
2523,1519279595.99585
2524,1519279596.163571
2525,1519279596.329757
2526,1519279596.495957
2527,1519279596.661838
2528,1519279596.82761
2529,1519279596.995774
2530,1519279597.161731
2531,1519279597.327716
2532,1519279597.493603
2533,1519279597.662052
2534,1519279597.827514
2535,1519279597.99365
2536,1519279598.159734
2537,1519279598.327739
2538,1519279598.493639
2539,1519279598.659672
2540,1519279598.825663
2541,1519279598.991806
2542,1519279599.159771
2543,1519279599.326257
2544,1519279599.491732
2545,1519279599.657855
2546,1519279599.825865
2547,1519279599.991713
2548,1519279600.157614
2549,1519279600.323818
2550,1519279600.4897
2551,1519279600.657757
2552,1519279600.82366
2553,1519279600.990107
2554,1519279601.156531
2555,1519279601.323817
2556,1519279601.490163
2557,1519279601.655916
2558,1519279601.821691
2559,1519279601.989825
2560,1519279602.155593
2561,1519279602.321733
2562,1519279602.487972
2563,1519279602.654497
2564,1519279602.821583
2565,1519279602.987858
2566,1519279603.154888
2567,1519279603.319914
2568,1519279603.487569
2569,1519279603.655091
2570,1519279603.819613
2571,1519279603.985807
2572,1519279604.15366
2573,1519279604.319687
2574,1519279604.485812
2575,1519279604.651754
2576,1519279604.817665
2577,1519279604.985791
2578,1519279605.152162
2579,1519279605.317757
2580,1519279605.483697
2581,1519279605.651823
2582,1519279605.817879
2583,1519279605.983613
2584,1519279606.149632
2585,1519279606.317973
2586,1519279606.48374
2587,1519279606.649707
2588,1519279606.815547
2589,1519279606.981787
2590,1519279607.1497
2591,1519279607.31578
2592,1519279607.481643
2593,1519279607.647647
2594,1519279607.815701
2595,1519279607.982184
2596,1519279608.147686
2597,1519279608.313869
2598,1519279608.482022
2599,1519279608.647835
2600,1519279608.813572
2601,1519279608.979856
2602,1519279609.145569
2603,1519279609.314362
2604,1519279609.479863
2605,1519279609.645811
2606,1519279609.811666
2607,1519279609.979818
2608,1519279610.145804
2609,1519279610.311656
2610,1519279610.477663
2611,1519279610.645701
2612,1519279610.811601
2613,1519279610.977734
2614,1519279611.143541
2615,1519279611.309683
2616,1519279611.4777
2617,1519279611.643816
2618,1519279611.809756
2619,1519279611.975768
2620,1519279612.143681
2621,1519279612.310192
2622,1519279612.475631
2623,1519279612.641929
2624,1519279612.81042
2625,1519279612.975647
2626,1519279613.141782
2627,1519279613.307796
2628,1519279613.473835
2629,1519279613.641906
2630,1519279613.808186
2631,1519279613.973751
2632,1519279614.139923
2633,1519279614.307846
2634,1519279614.474128
2635,1519279614.639596
2636,1519279614.805819
2637,1519279614.971848
2638,1519279615.139674
2639,1519279615.305634
2640,1519279615.471805
2641,1519279615.637688
2642,1519279615.805921
2643,1519279615.971935
2644,1519279616.137797
2645,1519279616.303733
2646,1519279616.471923
2647,1519279616.637987
2648,1519279616.803887
2649,1519279616.969612
2650,1519279617.135701
2651,1519279617.303692
2652,1519279617.469797
2653,1519279617.635794
2654,1519279617.801761
2655,1519279617.9697
2656,1519279618.136114
2657,1519279618.301659
2658,1519279618.467852
2659,1519279618.635658
2660,1519279618.801799
2661,1519279618.967662
2662,1519279619.13382
2663,1519279619.299812
2664,1519279619.467722
2665,1519279619.633596
2666,1519279619.79999
2667,1519279619.965713
2668,1519279620.133739
2669,1519279620.299939
2670,1519279620.46619
2671,1519279620.631741
2672,1519279620.799951
2673,1519279620.966038
2674,1519279621.131777
2675,1519279621.297764
2676,1519279621.463877
2677,1519279621.631749
2678,1519279621.797895
2679,1519279621.963759
2680,1519279622.12988
2681,1519279622.298862
2682,1519279622.464093
2683,1519279622.63023
2684,1519279622.79586
2685,1519279622.963887
2686,1519279623.130014
2687,1519279623.295748
2688,1519279623.461914
2689,1519279623.627736
2690,1519279623.795819
2691,1519279623.961741
2692,1519279624.128063
2693,1519279624.293679
2694,1519279624.461783
2695,1519279624.627755
2696,1519279624.794157
2697,1519279624.959628
2698,1519279625.127797
2699,1519279625.294238
2700,1519279625.459869
2701,1519279625.625762
2702,1519279625.792072
2703,1519279625.959834
2704,1519279626.125851
2705,1519279626.291886
2706,1519279626.457819
2707,1519279626.625747
2708,1519279626.791934
2709,1519279626.958289
2710,1519279627.123756
2711,1519279627.292821
2712,1519279627.458167
2713,1519279627.623814
2714,1519279627.789923
2715,1519279627.955796
2716,1519279628.123798
2717,1519279628.289832
2718,1519279628.45584
2719,1519279628.622222
2720,1519279628.789922
2721,1519279628.955818
2722,1519279629.122261
2723,1519279629.287816
2724,1519279629.453828
2725,1519279629.621846
2726,1519279629.788827
2727,1519279629.953904
2728,1519279630.119946
2729,1519279630.28842
2730,1519279630.453866
2731,1519279630.619826
2732,1519279630.787483
2733,1519279630.954711
2734,1519279631.120071
2735,1519279631.287038
2736,1519279631.451764
2737,1519279631.618018
2738,1519279631.786801
2739,1519279631.952023
2740,1519279632.117893
2741,1519279632.283845
2742,1519279632.452
2743,1519279632.617755
2744,1519279632.783967
2745,1519279632.949917
2746,1519279633.117858
2747,1519279633.283863
2748,1519279633.450428
2749,1519279633.615892
2750,1519279633.78175
2751,1519279633.949798
2752,1519279634.115878
2753,1519279634.281741
2754,1519279634.447929
2755,1519279634.615777
2756,1519279634.781793
2757,1519279634.947821
2758,1519279635.113857
2759,1519279635.281825
2760,1519279635.44799
2761,1519279635.615214
2762,1519279635.779977
2763,1519279635.945732
2764,1519279636.114229
2765,1519279636.279804
2766,1519279636.445857
2767,1519279636.611794
2768,1519279636.779769
2769,1519279636.945717
2770,1519279637.112023
2771,1519279637.278023
2772,1519279637.445818
2773,1519279637.612066
2774,1519279637.778222
2775,1519279637.943822
2776,1519279638.109805
2777,1519279638.277779
2778,1519279638.44381
2779,1519279638.609849
2780,1519279638.775931
2781,1519279638.943703
2782,1519279639.109919
2783,1519279639.275962
2784,1519279639.442285
2785,1519279639.609628
2786,1519279639.776395
2787,1519279639.94206
2788,1519279640.107879
2789,1519279640.273915
2790,1519279640.441946
2791,1519279640.607782
2792,1519279640.773946
2793,1519279640.939823
2794,1519279641.107684
2795,1519279641.273758
2796,1519279641.440013
2797,1519279641.605996
2798,1519279641.772119
2799,1519279641.939763
2800,1519279642.106209
2801,1519279642.271765
2802,1519279642.43787
2803,1519279642.605887
2804,1519279642.771797
2805,1519279642.937697
2806,1519279643.103981
2807,1519279643.271706
2808,1519279643.4378
2809,1519279643.603783
2810,1519279643.770002
2811,1519279643.935711
2812,1519279644.104192
2813,1519279644.269803
2814,1519279644.435928
2815,1519279644.60188
2816,1519279644.769886
2817,1519279644.935697
2818,1519279645.101827
2819,1519279645.26789
2820,1519279645.43593
2821,1519279645.601781
2822,1519279645.767907
2823,1519279645.934248
2824,1519279646.099864
2825,1519279646.267801
2826,1519279646.433867
2827,1519279646.599637
2828,1519279646.765963
2829,1519279646.933847
2830,1519279647.099774
2831,1519279647.265645
2832,1519279647.431968
2833,1519279647.599755
2834,1519279647.765801
2835,1519279647.931726
2836,1519279648.098505
2837,1519279648.263695
2838,1519279648.431686
2839,1519279648.598846
2840,1519279648.763756
2841,1519279648.929842
2842,1519279649.097804
2843,1519279649.263579
2844,1519279649.429781
2845,1519279649.596027
2846,1519279649.763973
2847,1519279649.93018
2848,1519279650.095742
2849,1519279650.261773
2850,1519279650.427788
2851,1519279650.595647
2852,1519279650.761707
2853,1519279650.927609
2854,1519279651.093837
2855,1519279651.261767
2856,1519279651.42772
2857,1519279651.593583
2858,1519279651.759782
2859,1519279651.928085
2860,1519279652.093754
2861,1519279652.25972
2862,1519279652.426102
2863,1519279652.591734
2864,1519279652.759713
2865,1519279652.926134
2866,1519279653.092702
2867,1519279653.257704
2868,1519279653.425906
2869,1519279653.591891
2870,1519279653.757969
2871,1519279653.923935
2872,1519279654.092186
2873,1519279654.25766
2874,1519279654.423825
2875,1519279654.589787
2876,1519279654.755734
2877,1519279654.92368
2878,1519279655.089906
2879,1519279655.255726
2880,1519279655.421889
2881,1519279655.589739
2882,1519279655.756033
2883,1519279655.922227
2884,1519279656.087803
2885,1519279656.253924
2886,1519279656.421799
2887,1519279656.587573
2888,1519279656.753832
2889,1519279656.919707
2890,1519279657.087809
2891,1519279657.253622
2892,1519279657.420211
2893,1519279657.585729
2894,1519279657.753765
2895,1519279657.920012
2896,1519279658.085841
2897,1519279658.251655
2898,1519279658.417757
2899,1519279658.585645
2900,1519279658.751717
2901,1519279658.91788
2902,1519279659.083696
2903,1519279659.251547
2904,1519279659.41791
2905,1519279659.583684
2906,1519279659.749769
2907,1519279659.917729
2908,1519279660.083929
2909,1519279660.249893
2910,1519279660.41587
2911,1519279660.581791
2912,1519279660.749704
2913,1519279660.915586
2914,1519279661.081819
2915,1519279661.247978
2916,1519279661.417903
2917,1519279661.58167
2918,1519279661.748387
2919,1519279661.913676
2920,1519279662.08173
2921,1519279662.248017
2922,1519279662.41366
2923,1519279662.579796
2924,1519279662.745829
2925,1519279662.913717
2926,1519279663.079714
2927,1519279663.245559
2928,1519279663.412118
2929,1519279663.579685
2930,1519279663.745833
2931,1519279663.911973
2932,1519279664.077745
2933,1519279664.24572
2934,1519279664.412228
2935,1519279664.577838
2936,1519279664.743779
2937,1519279664.909838
2938,1519279665.077702
2939,1519279665.243548
2940,1519279665.409892
2941,1519279665.575792
2942,1519279665.744038
2943,1519279665.90979
2944,1519279666.075715
2945,1519279666.241662
2946,1519279666.409806
2947,1519279666.575654
2948,1519279666.741938
2949,1519279666.907595
2950,1519279667.073784
2951,1519279667.241995
2952,1519279667.407696
2953,1519279667.57378
2954,1519279667.739896
2955,1519279667.907564
2956,1519279668.073881
2957,1519279668.24038
2958,1519279668.405745
2959,1519279668.57382
2960,1519279668.739645
2961,1519279668.905667
2962,1519279669.071734
2963,1519279669.237875
2964,1519279669.405685
2965,1519279669.571724
2966,1519279669.737872
2967,1519279669.903969
2968,1519279670.071655
2969,1519279670.237834
2970,1519279670.404845
2971,1519279670.569747
2972,1519279670.735719
2973,1519279670.90425
2974,1519279671.069681
2975,1519279671.235698
2976,1519279671.401832
2977,1519279671.569804
2978,1519279671.735691
2979,1519279671.901733
2980,1519279672.067661
2981,1519279672.235741
2982,1519279672.401737
2983,1519279672.568256
2984,1519279672.733677
2985,1519279672.899762
2986,1519279673.067683
2987,1519279673.233739
2988,1519279673.399603
2989,1519279673.565889
2990,1519279673.733677
2991,1519279673.899864
2992,1519279674.065876
2993,1519279674.231797
2994,1519279674.399651
2995,1519279674.565949
2996,1519279674.731843
2997,1519279674.897925
2998,1519279675.063613
2999,1519279675.231929
3000,1519279675.398641
3001,1519279675.563674
3002,1519279675.730121
3003,1519279675.898999
3004,1519279676.063762
3005,1519279676.22974
3006,1519279676.395735
3007,1519279676.563767
3008,1519279676.729654
3009,1519279676.896077
3010,1519279677.061558
3011,1519279677.227738
3012,1519279677.395568
3013,1519279677.561752
3014,1519279677.727607
3015,1519279677.893892
3016,1519279678.061638
3017,1519279678.22772
3018,1519279678.39934
3019,1519279678.560006
3020,1519279678.727992
3021,1519279678.89398
3022,1519279679.060188
3023,1519279679.225769
3024,1519279679.391693
3025,1519279679.559733
3026,1519279679.725742
3027,1519279679.891774
3028,1519279680.057821
3029,1519279680.2257
3030,1519279680.391716
3031,1519279680.557788
3032,1519279680.723699
3033,1519279680.891676
3034,1519279681.057542
3035,1519279681.223972
3036,1519279681.389686
3037,1519279681.555974
3038,1519279681.723612
3039,1519279681.889675
3040,1519279682.055633
3041,1519279682.221984
3042,1519279682.389854
3043,1519279682.555694
3044,1519279682.721696
3045,1519279682.887869
3046,1519279683.056671
3047,1519279683.221925
3048,1519279683.387663
3049,1519279683.553718
3050,1519279683.719656
3051,1519279683.888013
3052,1519279684.053587
3053,1519279684.220046
3054,1519279684.385805
3055,1519279684.554149
3056,1519279684.719705
3057,1519279684.885716
3058,1519279685.051768
3059,1519279685.217896
3060,1519279685.385606
3061,1519279685.551827
3062,1519279685.717671
3063,1519279685.883745
3064,1519279686.051746
3065,1519279686.218167
3066,1519279686.383637
3067,1519279686.54983
3068,1519279686.717931
3069,1519279686.88369
3070,1519279687.049722
3071,1519279687.215827
3072,1519279687.381869
3073,1519279687.550654
3074,1519279687.715697
3075,1519279687.88182
3076,1519279688.047644
3077,1519279688.215712
3078,1519279688.38197
3079,1519279688.547745
3080,1519279688.713755
3081,1519279688.882116
3082,1519279689.047638
3083,1519279689.213867
3084,1519279689.379736
3085,1519279689.545652
3086,1519279689.713748
3087,1519279689.879817
3088,1519279690.045579
3089,1519279690.211681
3090,1519279690.379907
3091,1519279690.545835
3092,1519279690.71191
3093,1519279690.877998
3094,1519279691.045992
3095,1519279691.211751
3096,1519279691.377678
3097,1519279691.543907
3098,1519279691.709674
3099,1519279691.878953
3100,1519279692.043742
3101,1519279692.209761
3102,1519279692.375614
3103,1519279692.543674
3104,1519279692.709929
3105,1519279692.875906
3106,1519279693.041766
3107,1519279693.210226
3108,1519279693.375574
3109,1519279693.541804
3110,1519279693.707743
3111,1519279693.873787
3112,1519279694.041728
3113,1519279694.207951
3114,1519279694.374035
3115,1519279694.539778
3116,1519279694.70773
3117,1519279694.874185
3118,1519279695.039902
3119,1519279695.205919
3120,1519279695.374172
3121,1519279695.539801
3122,1519279695.705612
3123,1519279695.871819
3124,1519279696.038294
3125,1519279696.205908
3126,1519279696.371629
3127,1519279696.538033
3128,1519279696.703928
3129,1519279696.871889
3130,1519279697.037819
3131,1519279697.203828
3132,1519279697.369796
3133,1519279697.537864
3134,1519279697.703662
3135,1519279697.869851
3136,1519279698.035762
3137,1519279698.201801
3138,1519279698.369628
3139,1519279698.536149
3140,1519279698.701871
3141,1519279698.867815
3142,1519279699.035745
3143,1519279699.202157
3144,1519279699.367837
3145,1519279699.533883
3146,1519279699.699784
3147,1519279699.867752
3148,1519279700.033637
3149,1519279700.20056
3150,1519279700.365938
3151,1519279700.53377
3152,1519279700.700066
3153,1519279700.866191
3154,1519279701.031667
3155,1519279701.199911
3156,1519279701.365808
3157,1519279701.531751
3158,1519279701.697682
3159,1519279701.863954
3160,1519279702.031683
3161,1519279702.197872
3162,1519279702.363932
3163,1519279702.530199
3164,1519279702.697853
3165,1519279702.863867
3166,1519279703.030086
3167,1519279703.195752
3168,1519279703.363946
3169,1519279703.530241
3170,1519279703.695671
3171,1519279703.861705
3172,1519279704.02775
3173,1519279704.195808
3174,1519279704.361707
3175,1519279704.52996
3176,1519279704.693715
3177,1519279704.861679
3178,1519279705.027812
3179,1519279705.193752
3180,1519279705.359696
3181,1519279705.528249
3182,1519279705.693682
3183,1519279705.85989
3184,1519279706.025856
3185,1519279706.191911
3186,1519279706.359628
3187,1519279706.525842
3188,1519279706.691837
3189,1519279706.858112
3190,1519279707.025662
3191,1519279707.191746
3192,1519279707.357776
3193,1519279707.523804
3194,1519279707.691653
3195,1519279707.857877
3196,1519279708.023705
3197,1519279708.189734
3198,1519279708.355721
3199,1519279708.52377
3200,1519279708.690811
3201,1519279708.855846
3202,1519279709.023415
3203,1519279709.189867
3204,1519279709.355776
3205,1519279709.521847
3206,1519279709.687662
3207,1519279709.855798
3208,1519279710.021767
3209,1519279710.18767
3210,1519279710.353667
3211,1519279710.519868
3212,1519279710.687689
3213,1519279710.853865
3214,1519279711.019694
3215,1519279711.186174
3216,1519279711.353672
3217,1519279711.519892
3218,1519279711.685715
3219,1519279711.851703
3220,1519279712.019781
3221,1519279712.185986
3222,1519279712.351757
3223,1519279712.517833
3224,1519279712.683706
3225,1519279712.851754
3226,1519279713.018389
3227,1519279713.183907
3228,1519279713.349848
3229,1519279713.517769
3230,1519279713.683762
3231,1519279713.849883
3232,1519279714.015826
3233,1519279714.181743
3234,1519279714.349765
3235,1519279714.515737
3236,1519279714.68161
3237,1519279714.847784
3238,1519279715.015889
3239,1519279715.181701
3240,1519279715.347825
3241,1519279715.513698
3242,1519279715.681712
3243,1519279715.847894
3244,1519279716.013785
3245,1519279716.179793
3246,1519279716.345855
3247,1519279716.513695
3248,1519279716.679713
3249,1519279716.845783
3250,1519279717.011672
3251,1519279717.179829
3252,1519279717.345969
3253,1519279717.511973
3254,1519279717.677949
3255,1519279717.845818
3256,1519279718.011662
3257,1519279718.177895
3258,1519279718.343829
3259,1519279718.509985
3260,1519279718.677757
3261,1519279718.843749
3262,1519279719.009654
3263,1519279719.175761
3264,1519279719.34389
3265,1519279719.509698
3266,1519279719.675787
3267,1519279719.841717
3268,1519279720.009716
3269,1519279720.175847
3270,1519279720.34171
3271,1519279720.507929
3272,1519279720.673606
3273,1519279720.841833
3274,1519279721.007614
3275,1519279721.173794
3276,1519279721.3398
3277,1519279721.510574
3278,1519279721.673736
3279,1519279721.839764
3280,1519279722.005775
3281,1519279722.173879
3282,1519279722.339646
3283,1519279722.506167
3284,1519279722.671767
3285,1519279722.837716
3286,1519279723.005914
3287,1519279723.171767
3288,1519279723.337717
3289,1519279723.503881
3290,1519279723.67194
3291,1519279723.837732
3292,1519279724.003705
3293,1519279724.169872
3294,1519279724.337651
3295,1519279724.503809
3296,1519279724.669776
3297,1519279724.835814
3298,1519279725.001692
3299,1519279725.16988
3300,1519279725.335867
3301,1519279725.501788
3302,1519279725.668375
3303,1519279725.835948
3304,1519279726.001854
3305,1519279726.167839
3306,1519279726.333817
3307,1519279726.499714
3308,1519279726.667741
3309,1519279726.833912
3310,1519279726.999747
3311,1519279727.165768
3312,1519279727.333644
3313,1519279727.500102
3314,1519279727.665712
3315,1519279727.83175
3316,1519279727.999806
3317,1519279728.1658
3318,1519279728.331694
3319,1519279728.497961
3320,1519279728.663634
3321,1519279728.831719
3322,1519279728.997847
3323,1519279729.163986
3324,1519279729.329646
3325,1519279729.497748
3326,1519279729.663696
3327,1519279729.830299
3328,1519279729.995729
3329,1519279730.163873
3330,1519279730.329712
3331,1519279730.495851
3332,1519279730.661731
3333,1519279730.827697
3334,1519279730.995707
3335,1519279731.161797
3336,1519279731.327653
3337,1519279731.493723
3338,1519279731.66162
3339,1519279731.827851
3340,1519279731.993771
3341,1519279732.159833
3342,1519279732.327901
3343,1519279732.493833
3344,1519279732.659959
3345,1519279732.825844
3346,1519279732.991865
3347,1519279733.159755
3348,1519279733.326016
3349,1519279733.491892
3350,1519279733.657676
3351,1519279733.825957
3352,1519279733.991676
3353,1519279734.158504
3354,1519279734.323792
3355,1519279734.49197
3356,1519279734.657674
3357,1519279734.8238
3358,1519279734.9899
3359,1519279735.155856
3360,1519279735.32372
3361,1519279735.4899
3362,1519279735.656023
3363,1519279735.821876
3364,1519279735.98976
3365,1519279736.156305
3366,1519279736.321766
3367,1519279736.487701
3368,1519279736.656029
3369,1519279736.821832
3370,1519279736.987676
3371,1519279737.153897
3372,1519279737.319686
3373,1519279737.487773
3374,1519279737.65375
3375,1519279737.820241
3376,1519279737.985607
3377,1519279738.154436
3378,1519279738.320073
3379,1519279738.485702
3380,1519279738.651764
3381,1519279738.820187
3382,1519279738.985629
3383,1519279739.151784
3384,1519279739.317767
3385,1519279739.484143
3386,1519279739.651658
3387,1519279739.817866
3388,1519279739.983933
3389,1519279740.149798
3390,1519279740.317757
3391,1519279740.483761
3392,1519279740.649942
3393,1519279740.81566
3394,1519279740.981787
3395,1519279741.149725
3396,1519279741.315805
3397,1519279741.481814
3398,1519279741.647945
3399,1519279741.815812
3400,1519279741.98179
3401,1519279742.148067
3402,1519279742.313665
3403,1519279742.482903
3404,1519279742.647825
3405,1519279742.813817
3406,1519279742.979769
3407,1519279743.145837
3408,1519279743.313894
3409,1519279743.479892
3410,1519279743.645827
3411,1519279743.811736
3412,1519279743.979627
3413,1519279744.14591
3414,1519279744.312273
3415,1519279744.477822
3416,1519279744.645723
3417,1519279744.811859
3418,1519279744.977707
3419,1519279745.143716
3420,1519279745.309792
3421,1519279745.47782
3422,1519279745.643679
3423,1519279745.80982
3424,1519279745.976051
3425,1519279746.143708
3426,1519279746.309808
3427,1519279746.476392
3428,1519279746.641646
3429,1519279746.810812
3430,1519279746.975814
3431,1519279747.141803
3432,1519279747.307718
3433,1519279747.473871
3434,1519279747.641689
3435,1519279747.807728
3436,1519279747.974054
3437,1519279748.139792
3438,1519279748.307698
3439,1519279748.474032
3440,1519279748.640137
3441,1519279748.805951
3442,1519279748.973689
3443,1519279749.140034
3444,1519279749.305764
3445,1519279749.471847
3446,1519279749.637792
3447,1519279749.805915
3448,1519279749.971762
3449,1519279750.137828
3450,1519279750.304063
3451,1519279750.471964
3452,1519279750.637865
3453,1519279750.803879
3454,1519279750.969735
3455,1519279751.138971
3456,1519279751.303861
3457,1519279751.469765
3458,1519279751.635714
3459,1519279751.801959
3460,1519279751.969663
3461,1519279752.13585
3462,1519279752.301682
3463,1519279752.46815
3464,1519279752.638145
3465,1519279752.801841
3466,1519279752.967768
